time,x,y,z,target
0.0,-0.19184926725550633,0.04307630038841459,1.0310986930351174,fault
0.10101010101010101,-0.630605195151896,0.48333634721140517,0.5785601220416675,fault
0.20202020202020202,0.6335718358507345,0.5584425893371552,1.3216835145349672,fault
0.30303030303030304,-0.3318323422343008,1.6881220608325491,0.5725107751234061,fault
0.40404040404040403,0.034164619638495555,0.7546518255551864,0.5316806589357461,fault
0.5050505050505051,0.8491946681932223,0.3314289812700867,0.4415140634088516,fault
0.6060606060606061,0.19429774954306256,0.6619294021991109,0.13095460271978165,fault
0.7070707070707071,0.8408179823898976,0.551801785157968,0.8305711985003049,fault
0.8080808080808081,0.07884890898556618,0.4402387372952481,1.1388820604522216,fault
0.9090909090909091,1.152940976230144,0.6104320767192912,1.1963130765324659,fault
1.0101010101010102,1.4336573968133566,1.3754006989632386,-0.1514639310774475,fault
1.1111111111111112,1.4776505350257416,0.48078153013055747,0.16441990422497368,fault
1.2121212121212122,0.8159535707565193,1.0696301889742617,-0.5101016802977559,fault
1.3131313131313131,1.6398019981939393,0.8281958131525572,0.008992900898225312,fault
1.4141414141414141,1.1022503680565778,-0.20199993111035014,0.11805251641098402,fault
1.5151515151515151,-0.2549002507791579,1.0345503925550006,-1.2747351940912046,fault
1.6161616161616161,0.7808475941546654,0.35697672090994576,-0.6136202457077146,fault
1.7171717171717171,-0.5519263209848929,0.046783638005587824,-1.056738741243788,fault
1.8181818181818181,-0.17366014010966768,-1.2566938609906835,-1.0753207489384138,fault
1.9191919191919191,-0.23253566788909696,-1.6522644796842203,-1.6392364531170136,fault
2.0202020202020203,-0.7457666469632562,-0.6584249569055391,-1.796084491675431,fault
2.121212121212121,-1.7118185607472396,-1.185061733733301,0.04043630928722214,fault
2.2222222222222223,-0.8212916577592979,-0.7982844210639208,0.3765766014448531,fault
2.323232323232323,-1.6386251873151352,-0.18362773112252628,1.0334920049414618,fault
2.4242424242424243,-0.11333695321740134,0.49076748751896293,1.5738751772425712,fault
2.525252525252525,-0.2591009660687373,0.6610092175512436,0.5601392643608287,fault
2.6262626262626263,-0.32398395321496043,0.7297470566427766,0.26960886669619133,fault
2.727272727272727,0.16630458772314655,0.30279801576768794,1.2649220122542584,fault
2.8282828282828283,0.6533325180601713,0.4549011126800621,0.1918411617793938,fault
2.929292929292929,1.0047451689784181,0.4961981193560131,0.1198443201180534,fault
3.0303030303030303,0.6125186183627467,0.8115769634270417,-0.7830138121612424,fault
3.131313131313131,0.42526418973754404,-0.9397795826351278,-0.8950632135781721,fault
3.2323232323232323,-0.3003479977535808,-0.943818327682207,-0.50991202975218,fault
3.3333333333333335,-1.4607396698823265,-1.3973345345598158,-0.7288075992520705,fault
3.4343434343434343,-0.8863378713707073,-1.206621545187215,0.23686258811944566,fault
3.5353535353535355,0.12285859584777037,-0.2262414145596642,0.1084153335843937,fault
3.6363636363636362,-0.45625502797640305,-0.2149863817274047,0.3890217280425142,fault
3.7373737373737375,-0.01461279929867143,1.652102186452704,1.3980658591565862,fault
3.8383838383838382,0.7693151083851061,1.2005312521279206,0.1999249719702808,fault
3.9393939393939394,1.0658993152802996,0.24917324529903695,-0.5181983238793887,fault
4.040404040404041,-0.11879133216901794,0.28615204363744784,-1.6794683990578236,fault
4.141414141414141,-0.37856498402521555,-1.2421222237883522,-0.39393466796951637,fault
4.242424242424242,-0.19321573101759437,-0.127016535473507,-0.16419786507980502,fault
4.343434343434343,-0.7625310515372604,0.27791644568560203,1.148374163034895,fault
4.444444444444445,-0.39625475142963573,0.1542942649471098,0.9778758555411466,fault
4.545454545454545,1.2806750853011184,1.510171363642116,-0.28927133171008557,fault
4.646464646464646,1.4943954178482048,-0.0037170746545540645,-0.3837941483051773,fault
4.747474747474747,0.8292238895711266,-0.43800334839379274,-1.1379746148378835,fault
4.848484848484849,0.448676318556845,-0.5130204078894399,-0.4506189298667803,fault
4.94949494949495,-0.3032284568011645,-1.3898231992563153,-0.6445425651026611,fault
5.05050505050505,-1.6097932391135439,-0.20287936687514363,0.6300910105511398,fault
5.151515151515151,0.041416189448599455,1.045110780336415,1.0878672621146235,fault
5.252525252525253,0.8189903870080149,1.1715500413542739,0.5864251095316215,fault
5.353535353535354,0.5657379024918849,-0.24604096968924022,-0.4567204820291932,fault
5.454545454545454,0.9147861509923522,-1.2837586118792406,-1.7009893735910702,fault
5.555555555555555,-1.73659190989575,-0.9651395056546644,-0.9013786517747959,fault
5.656565656565657,-0.8972978529412091,-0.8548279865622275,0.012610583445643697,fault
5.757575757575758,-0.322183944483042,0.5023433479009917,0.6834877368095476,fault
5.858585858585858,1.6562159526757727,1.7298190143253491,0.023084746608330375,fault
5.959595959595959,-0.4108625213941798,-0.15989037614928886,-0.21439068637504555,fault
6.0606060606060606,-0.8083181448175873,-2.592621176017315,-0.44644978911514177,fault
6.161616161616162,-0.3288924404015975,-0.06372456181178299,0.5398969391776131,fault
6.262626262626262,-0.12917502820124105,0.41984504820175406,-0.6342431557830088,fault
6.363636363636363,1.0319922237381045,0.8383303370537981,1.184967149161618,fault
6.4646464646464645,0.3310222974593393,0.7630998071047767,-0.8467952477866585,fault
6.565656565656566,0.020990412763950167,-0.8495941165241744,-0.631207659374825,fault
6.666666666666667,-1.641313243786383,-1.4372931367316002,-0.8444926500379283,fault
6.767676767676767,-1.2766278918049734,0.24599681016932687,0.7609886650804445,fault
6.8686868686868685,0.18093812028246453,1.2755174782750918,0.9886730007618248,fault
6.96969696969697,0.7456766250101212,0.47724425079178096,-0.4890692834937732,fault
7.070707070707071,-0.8133479955260158,-0.7066138922323623,-0.45871513781651696,fault
7.171717171717171,-1.778024215437156,-0.7822032707964613,-0.38991157493891593,fault
7.2727272727272725,0.6647074699622607,1.819121998291915,0.7768572604713849,fault
7.373737373737374,-0.07817107682132951,0.34891695941328893,0.6465642590639276,fault
7.474747474747475,0.26590747836511164,-0.5770117969338149,-1.4920666471827464,fault
7.575757575757575,-0.5902267740430074,-1.3431322803866732,-1.063714930037561,fault
7.6767676767676765,-0.6391801326130253,0.25716556280678604,0.11773872822424147,fault
7.777777777777778,0.031114901985733412,0.6364702485840279,1.7444807359060626,fault
7.878787878787879,0.837191342581908,0.3480698705154975,-0.6762594566765776,fault
7.979797979797979,-0.8207951999356295,-0.8251274242510581,-0.8776965629231994,fault
8.080808080808081,-0.14830061046939003,-0.6390073773638963,-0.23922444749094152,fault
8.181818181818182,-0.3787782043233353,0.3263070311596037,1.083902388366279,fault
8.282828282828282,0.6276408835141987,1.708477156879737,-0.02219077161812258,fault
8.383838383838384,-0.3777927584758754,-1.7447424455199725,-0.16113516651942095,fault
8.484848484848484,-2.2072527439463054,-0.27781844056687177,0.5128796308023593,fault
8.585858585858587,0.5542479166339949,1.812636542652246,0.7225013365736305,fault
8.686868686868687,1.4367201729578944,-0.0758555319512908,-0.8484359333833289,fault
8.787878787878787,-0.6424519616004328,-1.59309031326899,-0.18368592498428693,fault
8.88888888888889,-0.1705552268393491,-0.5847693742843733,0.07624855325145008,fault
8.98989898989899,0.9346868612930163,0.7312402935807658,0.5452131405464192,fault
9.09090909090909,0.8615359218053467,-0.7595273280844034,-1.104618215286528,fault
9.191919191919192,-1.3802598671665187,-0.8674079651293437,-0.5952379460217643,fault
9.292929292929292,-0.08493656340055783,0.5320638213833752,1.331065281622135,fault
9.393939393939394,0.5038010426352191,0.8984306987414674,-0.1153575063373882,fault
9.494949494949495,0.0943965805095,-0.36162514860060774,-1.4730359188178912,fault
9.595959595959595,-0.738426036954346,-0.3376011318609546,-0.5115387990873724,fault
9.696969696969697,0.356203753068196,0.8498089487313717,0.9711734936104741,fault
9.797979797979798,0.2509295965274425,-1.016687701993834,-1.2179493529638061,fault
9.8989898989899,-0.2156663661331315,-0.1560403340389458,0.10092774121263581,fault
10.0,0.5520994392741122,0.2327746175549903,1.3663551552508901,fault
0.0,0.6722489463592787,0.8277114861703355,1.1707651842991975,fault
0.10101010101010101,-0.5426039084066674,0.9131488757324051,0.030395652949024354,fault
0.20202020202020202,0.07648711870308156,-0.09363737007230832,0.7716091507730316,fault
0.30303030303030304,0.638822757778667,1.13752137812178,1.209445144395454,fault
0.40404040404040403,-0.38227697659575255,-0.055889881142548115,1.2637667338627532,fault
0.5050505050505051,-0.09171178435321956,1.139762923122894,1.5844439313286434,fault
0.6060606060606061,0.39071742317564795,0.532872802645197,1.5646227896190374,fault
0.7070707070707071,-0.14025002112556417,-0.27750584185854055,0.7161279748482908,fault
0.8080808080808081,1.1705913295607655,0.3424145228891917,1.1124636897806295,fault
0.9090909090909091,0.3019063343594547,0.721897925862732,0.7459993343969505,fault
1.0101010101010102,0.6480398358361723,0.36393068215831637,-0.03390353181489636,fault
1.1111111111111112,0.9894417851604451,1.2634096231990228,0.9385992102034855,fault
1.2121212121212122,2.088991152706362,0.49113679887395045,0.09595928827632105,fault
1.3131313131313131,0.7441768513627629,0.45794895709026817,-0.545923653333467,fault
1.4141414141414141,0.9203028407244624,0.6144235180939452,-1.1450499703202723,fault
1.5151515151515151,1.213610212965461,0.027280551229148103,-0.3225377676391897,fault
1.6161616161616161,-0.20632685717612753,0.4941393848890969,-1.1546583293345707,fault
1.7171717171717171,0.8114017778693312,0.19556338359769782,-1.0499993395893732,fault
1.8181818181818181,0.38461483105320526,-0.48866604478268894,-1.4192108948310191,fault
1.9191919191919191,-0.8046260332712882,-0.8055784380510292,-0.5217525403521375,fault
2.0202020202020203,-0.38056673086123,-0.6851220234630883,-1.392392078587013,fault
2.121212121212121,-2.038280352643027,-1.2176698112626527,0.03849059082713807,fault
2.2222222222222223,-0.0053426910514057235,-1.506132532258036,0.4286529887774521,fault
2.323232323232323,-0.4981863965655608,-0.036847996005313244,0.5470310865205537,fault
2.4242424242424243,0.16881488795207278,0.16070433306265566,1.4542293609755472,fault
2.525252525252525,0.6273868574619272,0.2234559561260019,1.0682465205922689,fault
2.6262626262626263,1.6049864617911638,0.5707054811552952,0.1897143896312019,fault
2.727272727272727,1.4484263289335193,0.5457296160924664,0.7305529239617108,fault
2.8282828282828283,1.5898788102163965,0.7220399339814685,-0.1765296949855108,fault
2.929292929292929,0.2712043317563029,-0.13403430559803042,-0.8313993142331552,fault
3.0303030303030303,0.631082404745596,-0.6440422193154859,-0.7260287211741341,fault
3.131313131313131,0.3054235884834795,-0.06184481857022783,-0.6497257807505841,fault
3.2323232323232323,-0.26590724771553154,-0.5690595793496358,-1.380844556222835,fault
3.3333333333333335,-1.1684237542358156,-1.5038017321252144,0.403401931281855,fault
3.4343434343434343,-2.0727906998612324,-0.7355750841965767,-0.9286463750637703,fault
3.5353535353535355,-1.05840752066667,-0.5915122051458347,1.107712671528416,fault
3.6363636363636362,-0.6817534146879028,1.1069167447653077,1.0494817895081372,fault
3.7373737373737375,1.2063090563625387,1.8385122847251494,2.1013335091914773,fault
3.8383838383838382,1.1701443065037327,1.320712671564784,-0.20691814265258235,fault
3.9393939393939394,1.0985466624811593,0.5478892678564189,-0.9747176773851585,fault
4.040404040404041,0.3913839943509137,-0.9145688684271631,-0.452739620306912,fault
4.141414141414141,-0.1172431777777952,-0.7480244663386568,-0.380923192959979,fault
4.242424242424242,-1.34539041535874,-1.4041478174633535,-0.7991261780623611,fault
4.343434343434343,-0.5993315771786474,0.02876340235759084,0.2494136456055054,fault
4.444444444444445,0.01684297434545093,0.5121521766425086,1.0797278454785109,fault
4.545454545454545,0.4465377479367092,0.8230476943640864,0.7245797685962095,fault
4.646464646464646,1.3878169570749188,1.3894635814010137,0.4622990645853565,fault
4.747474747474747,0.6646847267748873,0.5678895788880569,-1.2287123974776823,fault
4.848484848484849,0.9783986546271993,-1.1444089805403697,-2.004662550590374,fault
4.94949494949495,-1.5463812893912818,-0.7429734353896074,-0.5402588947661271,fault
5.05050505050505,-0.42652396212175336,-0.4696800638141473,0.1779508812886582,fault
5.151515151515151,-0.38044212156173973,0.3371438044975406,0.8908205691246336,fault
5.252525252525253,1.224416855128518,1.253667236378042,1.1334704753360176,fault
5.353535353535354,1.6966849727871254,0.103535817192834,-0.545354634306566,fault
5.454545454545454,0.18030034085283803,-0.756404005739773,-1.0249372778348973,fault
5.555555555555555,-0.6517532434991705,-0.5083797464825579,-1.2296303844042114,fault
5.656565656565657,-1.406339789636052,-1.5879354944629793,0.43845860195288433,fault
5.757575757575758,0.08710921237290764,1.27121855041606,0.8384909245126788,fault
5.858585858585858,1.1982796881064577,0.4369024477041822,0.9130833492409938,fault
5.959595959595959,1.3510190886056632,0.1786150880847121,-0.19821975308214917,fault
6.0606060606060606,0.18258703396531167,-1.0719928051855612,-1.2414133249414077,fault
6.161616161616162,-0.5776806813590729,-0.9814255942241774,-0.47238239254076775,fault
6.262626262626262,-0.36168947970276033,-0.8071709359039014,0.2567384908843818,fault
6.363636363636363,1.442312251722469,1.90165185287356,1.069369681295884,fault
6.4646464646464645,-0.11158448658471176,1.3156568935669228,-0.11193663524735686,fault
6.565656565656566,0.8375659215550383,-0.6933354576364008,-1.6398873899702462,fault
6.666666666666667,-0.6731710875128243,-1.3848487793891129,0.37724091121867576,fault
6.767676767676767,-0.792466369710991,0.12577242330877395,1.2126955421681278,fault
6.8686868686868685,-0.10134815751183446,1.3740298518614353,1.129899316896063,fault
6.96969696969697,0.5046800376008687,0.18202305472234148,0.2103333619454806,fault
7.070707070707071,0.22882203425930234,-0.3106084766927021,-0.8941540026785263,fault
7.171717171717171,-1.573886526702535,-0.5980425119318412,-0.0695967828954463,fault
7.2727272727272725,1.0552165692657152,0.34075181872236654,0.41279121539969443,fault
7.373737373737374,1.051424512749776,1.5186336569716268,0.15201212125703562,fault
7.474747474747475,1.1705627530085072,0.3400431629848637,-0.7172605149008472,fault
7.575757575757575,-0.35120693351751675,-1.2292746840047797,-0.9779145427041386,fault
7.6767676767676765,-0.8169829948085527,0.3618597696880358,0.7684538529516141,fault
7.777777777777778,0.731113020497228,0.9425143742514874,0.8835034115383636,fault
7.878787878787879,1.4913050621422457,0.5277318524623454,-0.3536982190874192,fault
7.979797979797979,-0.3657677276174697,-1.3350285053229407,-1.3113971597262624,fault
8.080808080808081,-1.6444710731853438,-0.35310864536222786,0.45228217343354304,fault
8.181818181818182,0.9149366334845862,1.536079904967914,0.42240593199480636,fault
8.282828282828282,1.3763672748801774,0.907274221640133,-1.0922545806166712,fault
8.383838383838384,-0.21540914519825508,-0.18110680070908214,-1.8999831104701337,fault
8.484848484848484,-1.3183359572169493,-1.1456573811294404,-0.3544429249337662,fault
8.585858585858587,0.5431634497417792,0.3788925343337426,1.4559534839866455,fault
8.686868686868687,0.340680516998518,1.2188813064225368,-1.2339486832543671,fault
8.787878787878787,-0.31013166009124055,-0.6649716894473965,-0.3206734470884244,fault
8.88888888888889,-1.4972250842347092,-0.572363777771725,1.4001533384878835,fault
8.98989898989899,0.8531825150874459,1.102226642580112,0.7997123390798272,fault
9.09090909090909,0.787499535305326,-0.36349725460597315,-1.4775922012948544,fault
9.191919191919192,-1.3397829101791052,-1.2863669880536661,-0.37603094002748466,fault
9.292929292929292,-0.7020005725620116,0.7454920411357535,1.1687742621158235,fault
9.393939393939394,0.8046988126418195,1.0804170517858365,-0.19325977860047394,fault
9.494949494949495,0.020261059107435836,-1.5551738120138452,-1.5291147097729372,fault
9.595959595959595,-0.660853034021053,0.016074002425815637,0.07666580919240062,fault
9.696969696969697,0.9605447594709641,1.4900657059722522,0.18791666096363968,fault
9.797979797979798,0.7110788448109746,-0.17006832390073034,-1.089761310583131,fault
9.8989898989899,-1.2757768063969286,-1.2766182493979685,-1.0086620845444523,fault
10.0,0.01621227119644024,0.4747610995968604,1.368987351955755,fault
0.0,0.09923017929365643,0.8566707173318819,1.5644896248189948,fault
0.10101010101010101,0.4454624102170746,0.7761144020766509,0.8659780781434309,fault
0.20202020202020202,0.003780305329033687,1.8437128803853216,0.7584167233876046,fault
0.30303030303030304,-0.0007290532429380797,0.22692645754152552,1.9934297990719267,fault
0.40404040404040403,-0.28793082717246,1.1331909076310678,-0.15268198496145668,fault
0.5050505050505051,0.8254880916474877,0.568007637284696,1.5669132910741976,fault
0.6060606060606061,0.0806684410217775,0.9621512832588356,0.848494452636196,fault
0.7070707070707071,0.671577680371783,0.574882964869071,1.058361704473528,fault
0.8080808080808081,0.7294644224072939,1.8514857223511383,0.5235408943144431,fault
0.9090909090909091,0.7315790933555059,0.12160247385767631,1.6571167898458428,fault
1.0101010101010102,0.33966993263768736,0.5238989541632035,0.3976869778307098,fault
1.1111111111111112,1.3083469506237502,1.1797489627096582,0.2239300777770816,fault
1.2121212121212122,1.2241940853823383,1.581543768454139,0.04708265930410177,fault
1.3131313131313131,0.522384257958387,0.6974084108407043,0.24808164623082127,fault
1.4141414141414141,0.6840661978127485,0.16908326964363518,-0.19521960554745577,fault
1.5151515151515151,-0.04687995310612958,-0.5544952328111339,-0.019222630341914848,fault
1.6161616161616161,0.639830931861711,-0.604187715144758,-0.35055632281336513,fault
1.7171717171717171,1.1876838684393232,-0.5908308223424736,0.05693225580883232,fault
1.8181818181818181,0.1663243067398938,-0.5414833868802906,-0.536770120408306,fault
1.9191919191919191,-0.3321841651665464,-0.43030555846265695,-1.048959246639487,fault
2.0202020202020203,-1.1504006097149264,-1.0393253545784846,0.03788462726900266,fault
2.121212121212121,-1.0984860309191027,-0.9466012702278985,-0.3055044240333997,fault
2.2222222222222223,-0.8946468458391019,-1.0278074405363937,-0.8232575199436468,fault
2.323232323232323,-0.25244629220777226,0.14950957537749243,0.2328230735748093,fault
2.4242424242424243,-0.025948140449047363,0.3202732943652745,1.4081807353877318,fault
2.525252525252525,-0.35189407451732907,-0.09339251472162569,0.4822891107430652,fault
2.6262626262626263,0.2566809610812928,1.5463644463221087,0.6126233131990141,fault
2.727272727272727,1.0720301652603075,1.5148581118209632,0.5566432577985805,fault
2.8282828282828283,0.678792887008546,1.025810984694338,-0.004328757649008863,fault
2.929292929292929,1.4932181508315474,0.033531340450044356,-0.31326283087985557,fault
3.0303030303030303,0.05843033197480263,-0.0009580426266868787,-1.3615233765301056,fault
3.131313131313131,0.1862264804289573,-1.4655702163947002,-0.4046874688230999,fault
3.2323232323232323,-0.28196502866912787,0.15580007901818338,-0.9021823261171797,fault
3.3333333333333335,-1.1298908297783448,-0.9565867958668511,-1.0917902395628172,fault
3.4343434343434343,-0.516755570064031,-0.17601803502750418,-0.30624872384505986,fault
3.5353535353535355,-1.5792910472835877,0.24546509796963265,0.14954051370260446,fault
3.6363636363636362,-0.13772091481256193,0.27179808176511466,1.095154700733683,fault
3.7373737373737375,0.7176156487833552,1.0847907507601757,1.7349398142545458,fault
3.8383838383838382,1.343208106995994,0.5456030729174033,0.0007950427813777916,fault
3.9393939393939394,1.3426463906028008,-0.10079072571119635,-0.6082371954261313,fault
4.040404040404041,0.17315351357741632,-0.41407874845675235,-1.4004193889761665,fault
4.141414141414141,-0.8642253442508037,-1.597690469860304,-1.5379000846430155,fault
4.242424242424242,-1.990526113707862,-0.09668484529884769,-0.12391353548885581,fault
4.343434343434343,-1.6794373567586924,-0.47859799325812663,0.06992687821418764,fault
4.444444444444445,-0.43441028825988315,0.3228490129352618,1.3300105132092988,fault
4.545454545454545,0.43863221011754183,1.0209354971968232,0.19395983902479952,fault
4.646464646464646,1.6694320093051718,1.1957341505872294,-0.24091675473686153,fault
4.747474747474747,1.104518585537265,0.6982738888667932,-0.8150899651765356,fault
4.848484848484849,-0.05126015917643771,-1.465078880985324,-1.3740973109169055,fault
4.94949494949495,-1.7885525815136325,-1.0554358474763754,0.16091257502260825,fault
5.05050505050505,-0.658137445487835,-0.7010237166731963,0.4953763288755269,fault
5.151515151515151,0.36409327285215043,0.9185212231219841,0.7971087280194284,fault
5.252525252525253,1.3788881799613413,0.7144776825081255,0.7506942035091597,fault
5.353535353535354,-0.020854053099284897,0.2815778674293049,0.40975513288551313,fault
5.454545454545454,0.06740502213900629,-1.333279598863603,-0.6309315876426711,fault
5.555555555555555,-1.1945221399496637,-0.880099802298125,0.005399657520333112,fault
5.656565656565657,-1.2148468117484945,0.040761454207704495,0.82122117503403,fault
5.757575757575758,-0.7365157827537909,0.8980341986051329,0.9860077710959732,fault
5.858585858585858,0.25604298017413807,0.14994209866419017,1.3868189315284947,fault
5.959595959595959,1.1742308350109187,0.7197184869268152,-1.1687249165047353,fault
6.0606060606060606,-0.7329501942951221,-0.12530702073420263,-0.36029702940840935,fault
6.161616161616162,-1.5294875028823611,-1.133291565773816,0.24672155013155161,fault
6.262626262626262,-0.30292395107017006,0.24878426645024104,0.7292001123777496,fault
6.363636363636363,-0.19885383968533055,1.0992875482347357,0.8202630975908688,fault
6.4646464646464645,0.9863163356737206,0.6354581917486178,0.05339172692078342,fault
6.565656565656566,0.2852782991522721,-0.5530157008314799,-1.0898520735979416,fault
6.666666666666667,-0.40858828016081405,-0.3458131857705663,-0.46491873790446564,fault
6.767676767676767,-1.3734362408829226,0.38867939971895116,-0.16861191890802452,fault
6.8686868686868685,0.43727542553729737,0.8891115810429104,0.9186318326394606,fault
6.96969696969697,0.16089783319133333,0.005481357638575601,-0.1534833774042526,fault
7.070707070707071,-1.14660347254535,-1.734317879119594,-0.9789504313551061,fault
7.171717171717171,-0.7175337566174025,-1.465488820440768,0.4673514619379716,fault
7.2727272727272725,-0.5436661027211199,0.1490467057646798,0.025790290747755518,fault
7.373737373737374,0.978081940174279,1.3151089510251486,0.4591204673189675,fault
7.474747474747475,1.627287328307454,0.031093789356442268,-1.208104119421923,fault
7.575757575757575,-0.8590298370473581,-0.7277738328239405,-1.7660740830245065,fault
7.6767676767676765,-1.6018608398529934,-0.40849834799950535,-0.4523198100718737,fault
7.777777777777778,0.8930810392576375,0.9854180076359711,0.6232830831334493,fault
7.878787878787879,0.9076677530236181,0.42247561149335044,-0.2543674633741664,fault
7.979797979797979,-0.5824310268213095,-1.032338488900704,-1.2049421071322242,fault
8.080808080808081,-1.40808085222788,-0.8277476888918976,1.0026122105363864,fault
8.181818181818182,0.5970749220283312,0.9119623423602293,1.3758253125142692,fault
8.282828282828282,0.6612071241718535,0.708728634927894,-0.28312520774589117,fault
8.383838383838384,0.5630576797887202,0.04780298992211107,-1.6679925760679584,fault
8.484848484848484,-1.1784131534323774,-0.2795757628407768,0.7302273179642489,fault
8.585858585858587,1.206520329870743,-0.010065034818477536,1.3155478480153286,fault
8.686868686868687,1.0849327689068353,0.43350738059897254,-0.8622374524708665,fault
8.787878787878787,-0.04694383051064682,-0.47803851695301164,-1.7536857804224144,fault
8.88888888888889,-0.613111654926601,-0.4028758745260339,0.23219818662109826,fault
8.98989898989899,0.21746699396199032,0.7686137659197707,0.8281893607389957,fault
9.09090909090909,0.7085377249589524,-0.26847488025999877,-0.5116209652426728,fault
9.191919191919192,0.1986113189058749,-1.614452583381706,-1.217335225966801,fault
9.292929292929292,-0.4932322134887517,1.3850744063718294,1.3404632750245475,fault
9.393939393939394,1.0344643356385221,1.04571020602883,1.5283380380020606,fault
9.494949494949495,-0.9177853208788483,-0.7476435600217647,-1.6320156147511926,fault
9.595959595959595,-0.3561766706979196,0.26195427270832855,1.1613630401015889,fault
9.696969696969697,0.5735292681828903,1.1709472557917864,0.7438208460219594,fault
9.797979797979798,-0.13312860111400815,-0.2840137708897157,-1.4018548005738773,fault
9.8989898989899,-1.7712622525072288,-1.4795061395062046,0.2917698513383838,fault
10.0,-0.28236689458023284,-0.0628937729261051,1.964284154303098,fault
0.0,0.08402771134840784,0.9096065362241585,1.104372997897101,fault
0.10101010101010101,-0.19530189709601822,1.3494614139174494,0.7924699060601582,fault
0.20202020202020202,0.025502516418244345,1.5489006406228025,1.4984964298888608,fault
0.30303030303030304,0.8435196570760409,1.2415364182792479,0.12476092825183649,fault
0.40404040404040403,-0.3109186135170867,0.4916889638031456,0.9867469118045818,fault
0.5050505050505051,0.17743675782316892,1.1698607294740135,0.99343752389822,fault
0.6060606060606061,0.6205510461686305,0.1775416345333617,0.5464472085127725,fault
0.7070707070707071,1.1305678388690446,0.8601551864305166,0.762893773648662,fault
0.8080808080808081,0.6222458835435093,0.7824303550583089,0.6231432722189877,fault
0.9090909090909091,0.5623806442776098,1.1106993628479007,1.1533275417695212,fault
1.0101010101010102,1.8239066415232807,0.8748390521191762,0.20325857184591783,fault
1.1111111111111112,0.4372841396570053,0.4855773995374401,0.47643589978318285,fault
1.2121212121212122,1.2137885867275893,0.6872855044819999,0.7013095490646246,fault
1.3131313131313131,0.6576179300055491,0.8716006234043924,-0.028164823490247116,fault
1.4141414141414141,0.22338899048025873,0.4657608215015029,-0.0714605256102428,fault
1.5151515151515151,0.9453218487695644,0.2961582500783184,-1.8753002464769275,fault
1.6161616161616161,1.1014403039315865,-0.5827098799028185,-0.4966976320804917,fault
1.7171717171717171,1.5180584531209789,-0.49881034498792787,-0.44123479001168237,fault
1.8181818181818181,0.15517031592611932,-1.2894212744392237,-1.1507709658528436,fault
1.9191919191919191,0.3903031014870013,-1.037169277975151,-0.8096409080778404,fault
2.0202020202020203,-2.507836396728467,-1.8478092209892951,-0.7909733093740201,fault
2.121212121212121,-0.46468512089514835,-1.6632723176437714,-0.5570202902064619,fault
2.2222222222222223,-0.5641779186479184,-0.367970792226239,0.21932019232861305,fault
2.323232323232323,-1.5035097489531526,-0.22666380661642246,0.3893846378044987,fault
2.4242424242424243,-0.5932050363216029,-0.8520225431314954,2.1124000742961844,fault
2.525252525252525,0.816194101216154,0.18311269614247538,0.7772060908010872,fault
2.6262626262626263,-0.7577947356668437,-0.3209870987089103,0.510513198964008,fault
2.727272727272727,0.0368916462599852,0.8966021213479317,1.390735981756543,fault
2.8282828282828283,0.41935212555872536,1.4978881402599755,0.640393145494746,fault
2.929292929292929,1.1644057744581606,0.40120813912609327,0.7932448227910884,fault
3.0303030303030303,1.0782138264120895,0.02502930862492688,0.13177212802589,fault
3.131313131313131,0.1264754761114639,-0.7744891310092857,-0.8217685311057981,fault
3.2323232323232323,-0.2847033768007603,-0.44044341317604396,-0.13280557197310683,fault
3.3333333333333335,-1.615950529388947,-1.2326282235072192,-1.3193496180337219,fault
3.4343434343434343,-1.939563746791377,-0.38060602369658036,0.8429916799483088,fault
3.5353535353535355,-0.7620874822070989,-0.15463746508509985,0.8272598432502104,fault
3.6363636363636362,0.11196329712950046,0.2982652319789318,1.177753990327758,fault
3.7373737373737375,0.6424071215135342,1.1640899229737935,0.9158611420505842,fault
3.8383838383838382,0.8550985348960645,1.0116332449932322,0.3676215955627462,fault
3.9393939393939394,0.8458147060005424,1.0181128402269257,0.5621157806351902,fault
4.040404040404041,1.1211628319237537,-1.0039016234877627,-1.2594491796770635,fault
4.141414141414141,-0.2961274795958736,-1.247069547924571,-1.2769592605241833,fault
4.242424242424242,-0.938654614506527,-0.6691663035510614,-0.5181259622626722,fault
4.343434343434343,-0.24635809133783515,0.44456158959833014,1.0108168396834458,fault
4.444444444444445,-0.40778049284105367,0.920992795210994,1.5678870677008803,fault
4.545454545454545,0.32918602199435537,0.7327349965035028,1.2455273798700868,fault
4.646464646464646,0.6119218119147496,1.49498897652366,0.3994422045489299,fault
4.747474747474747,0.5988084223383692,0.04534888568969716,-0.2636842442209872,fault
4.848484848484849,-1.0423891005243,-1.571503056154174,-1.2380211510410026,fault
4.94949494949495,-0.47310128191045664,-0.8600878321932658,-0.19788185253823332,fault
5.05050505050505,-2.0021315880843176,-0.4516124054427698,0.495305593952002,fault
5.151515151515151,0.3978121917205999,1.2637589271529488,0.870587806814505,fault
5.252525252525253,-0.1510747448263352,1.363825054494653,1.358057226035779,fault
5.353535353535354,1.7975766224481329,0.6029810156244799,-0.14215920145721955,fault
5.454545454545454,-0.5400739828439555,-0.02435002087819943,-0.8234428951830455,fault
5.555555555555555,-1.3181910911132988,-0.6686704874293172,-0.4626567739512535,fault
5.656565656565657,-0.883006469646767,0.15555988622771033,0.4537595432628386,fault
5.757575757575758,0.095280834551425,0.8852501155136178,1.2663276578182037,fault
5.858585858585858,1.1411876025171483,1.725966040091375,0.4678090921739092,fault
5.959595959595959,1.067630319354891,0.5428343220185287,-0.5192860717058141,fault
6.0606060606060606,-0.47338122298766006,-1.213948962539153,-0.16516238651432957,fault
6.161616161616162,-1.4365394862520438,-1.0539988675705692,-1.1261299055546057,fault
6.262626262626262,-0.7971606535247704,-0.014047297966255055,1.6203107112152297,fault
6.363636363636363,-0.6099691103519056,1.0366452012644476,0.7532304544534665,fault
6.4646464646464645,1.2535643488623227,0.8435176545024714,-0.8421009705084171,fault
6.565656565656566,0.4981135551713419,-0.34043278967213353,-0.10316690914753457,fault
6.666666666666667,-1.5389220598525628,-1.2485782314588585,-0.3606106505788737,fault
6.767676767676767,-0.15573344751526086,-0.4130598105102581,-0.00784691443107488,fault
6.8686868686868685,-0.03565840837631057,1.4434145930632125,-0.12368671780040019,fault
6.96969696969697,0.8222323411432467,0.32704405859896196,0.4199979899219598,fault
7.070707070707071,0.019866278938355752,-0.5271406675192588,-0.8678465466796295,fault
7.171717171717171,-0.5080358081256451,-1.335939941629979,-0.5324613134531808,fault
7.2727272727272725,-0.2313753815143953,0.49534121314878865,1.5855207536673461,fault
7.373737373737374,0.3393814056952278,0.795191550427198,0.4359122304352322,fault
7.474747474747475,-0.13199983216324362,-0.15092493973836774,-0.7602065870466547,fault
7.575757575757575,-1.0149173769522313,-0.4337632069751566,-0.7042738667461779,fault
7.6767676767676765,-0.9900444213949413,0.23457034663718,1.2309739436320335,fault
7.777777777777778,1.043072400856694,1.1730021289500143,0.5611041784957156,fault
7.878787878787879,0.8693595666604523,0.7112609776334096,-0.2627529562077262,fault
7.979797979797979,-0.5600507874692985,-1.044454898293265,-0.9645820580265569,fault
8.080808080808081,-0.9780090110582116,-0.2898375056677488,0.6459763732534236,fault
8.181818181818182,0.28804269387334164,1.1090583897168604,0.3655301105269849,fault
8.282828282828282,1.6914723419880011,0.2502611206283548,-1.02387942975056,fault
8.383838383838384,0.10076747014600629,-1.7278137781731908,-0.6301819457502194,fault
8.484848484848484,-1.000580629139951,-0.177463243632272,0.32950890735268246,fault
8.585858585858587,0.8262398216282534,1.1563893225305537,0.8011157012344996,fault
8.686868686868687,0.9841194608053221,0.2351271664585604,0.14253354886313874,fault
8.787878787878787,-0.7427312202536599,-1.449009631262895,-0.5537905700088805,fault
8.88888888888889,-1.017211828829204,-0.4589768463026569,0.8126939403788028,fault
8.98989898989899,0.5359040178915485,1.2590822723904194,0.7357859115173735,fault
9.09090909090909,0.8494035553322904,-0.3583614010093279,-1.467959334450525,fault
9.191919191919192,-1.0726816717862175,-0.28472816194400186,-0.35450815690068566,fault
9.292929292929292,-0.22463921271990067,1.0347601178288215,0.9352822227433681,fault
9.393939393939394,1.4937079422890969,1.0535584764665118,-0.2327888994305335,fault
9.494949494949495,-0.4359543992902074,-0.3463178631469817,-1.0200144148492067,fault
9.595959595959595,-1.412055656172371,-0.10072854127506514,0.6161110201850857,fault
9.696969696969697,0.6503677442664749,0.22778264758699152,2.287783443384343,fault
9.797979797979798,0.5096628334079052,0.17344587563934732,-0.6421327642246036,fault
9.8989898989899,-0.3424784496630411,-1.2198914935521015,0.14629546693615514,fault
10.0,0.0616125851747598,1.1212298778539256,0.6818920769578019,fault
0.0,-0.5782009621628972,0.6993338275923155,1.1264261508382167,fault
0.10101010101010101,0.8130254735854848,1.6396990424255589,1.2398173835142425,fault
0.20202020202020202,0.7484299459369422,0.6955588395954816,0.30701589096487203,fault
0.30303030303030304,-0.5764974584536332,-0.241979857560929,1.2676328401796129,fault
0.40404040404040403,0.36864243549942965,0.1744259320326339,0.8931985263606047,fault
0.5050505050505051,-1.2293437051402543,0.36240704914324806,1.3150819501546056,fault
0.6060606060606061,-0.0196443976017866,0.9070368606673141,0.2659282114921445,fault
0.7070707070707071,0.0566563374840362,0.6843817412676854,0.7634479641403435,fault
0.8080808080808081,0.8154097742585164,1.9802296125540513,0.46744786438494473,fault
0.9090909090909091,1.5742971740801726,2.186469029221787,-0.1400840272960452,fault
1.0101010101010102,0.9573254173358385,1.5249138629281163,0.12476018015896251,fault
1.1111111111111112,0.46128147722443724,0.7218778218228714,0.7682308379853408,fault
1.2121212121212122,0.6280361649586605,0.9548265954596336,0.9484039753976969,fault
1.3131313131313131,0.37317698314366843,0.6469051745799218,0.5244224840747802,fault
1.4141414141414141,0.5439836251305372,0.4978088286556317,0.6107968521969642,fault
1.5151515151515151,0.5243272653882348,0.25132864945371974,-0.9000383595815508,fault
1.6161616161616161,1.05685030888055,-0.07935345484684253,-0.8169919041775145,fault
1.7171717171717171,0.024781203205734625,-1.0681320625611928,-0.17595118743759308,fault
1.8181818181818181,0.40834940995884456,-1.4532127483998512,-1.4581705992862475,fault
1.9191919191919191,-0.3687312726618546,-0.7129591471795049,-1.081292360757542,fault
2.0202020202020203,0.05813959613506192,-1.4429430967849073,0.16912390590060744,fault
2.121212121212121,-0.30818752559591245,-0.9068705448685965,-0.32304071562000314,fault
2.2222222222222223,-0.9507896407677913,-1.1282590820020035,0.7312037562726829,fault
2.323232323232323,-1.4588432751709899,-0.9392812954746225,0.4010110462893544,fault
2.4242424242424243,-0.5730743806519494,-0.053111990041445956,0.8883958637387058,fault
2.525252525252525,-0.6281626409218647,0.36245313479606117,0.22145976873813067,fault
2.6262626262626263,0.3636216629444784,0.5469831156148892,0.8330080313254613,fault
2.727272727272727,0.19725509356063675,1.4779186530256812,0.8415594199541279,fault
2.8282828282828283,0.5249003364229177,1.035271934371253,0.7023580852049356,fault
2.929292929292929,-0.2518174534319553,-0.1436405321463673,-0.9540911407511856,fault
3.0303030303030303,1.1636677714191546,-0.21418127267623074,-1.4201581336103541,fault
3.131313131313131,1.0664271961541214,-1.2079833578060915,-1.1300288341857045,fault
3.2323232323232323,-0.45526792041871417,-1.486071645762653,-1.394353444732409,fault
3.3333333333333335,-0.7324982303533664,-1.0078002574786875,-0.1013978206842519,fault
3.4343434343434343,-0.7703223020010106,-0.5787278593998326,0.07100242535155002,fault
3.5353535353535355,0.21377876166897636,0.21427843723439616,0.8524768728625419,fault
3.6363636363636362,-1.0326725505200482,1.3428704649966092,0.7607265758485211,fault
3.7373737373737375,1.0471348113859564,0.7598766228507167,-0.01787243145274009,fault
3.8383838383838382,0.5158935986171693,0.8166419585515903,0.21005601078236094,fault
3.9393939393939394,1.5920012687940233,0.660980634747107,-0.521981499188511,fault
4.040404040404041,0.47199149012602293,-0.9535754757392327,-0.8083058013676708,fault
4.141414141414141,-0.716786363029287,-0.9196745656641189,-0.18358418788928332,fault
4.242424242424242,-0.5235209861660721,0.11685618788769403,0.23124954699967876,fault
4.343434343434343,-1.7400907008718738,-1.7344789044110778,0.38959227483608205,fault
4.444444444444445,-0.5643480895586028,0.4434106269926426,1.1252514960062854,fault
4.545454545454545,0.27222044153125563,1.6158781535904918,0.18096464659594447,fault
4.646464646464646,0.8992692590788518,1.3696823673659737,0.30415444035300815,fault
4.747474747474747,1.3469500839072954,-0.34369501367937266,-1.3066894948871963,fault
4.848484848484849,-0.3792914938908256,-1.2951430648649804,-0.11040226767443695,fault
4.94949494949495,-1.0393135547787629,-0.48635603516056053,-0.43795626764933415,fault
5.05050505050505,-0.923709314983058,-0.8047667183318072,-0.627777533276356,fault
5.151515151515151,-0.16971174229354347,0.14491779774632252,-0.12702146911908685,fault
5.252525252525253,-0.5869576029173732,0.3321412859267392,0.7282808064988954,fault
5.353535353535354,1.9525480632280996,0.5944014415697499,-0.46110809659430685,fault
5.454545454545454,1.2789943665956147,-0.38778656899640074,-0.7541889657138491,fault
5.555555555555555,-0.2410552015692835,-1.2288511180176191,-0.8200982516580457,fault
5.656565656565657,-1.0274187224504159,-0.09883648493346564,0.8005833731219818,fault
5.757575757575758,-0.9922993357093766,0.23973616261611774,0.5534920910772461,fault
5.858585858585858,0.9270573433873854,0.6879629073029845,0.9537757742874792,fault
5.959595959595959,0.8374232417586619,0.01679527844150558,-0.15650295026216,fault
6.0606060606060606,-0.3214621631282252,-0.5018143717867665,-1.0441526586123666,fault
6.161616161616162,0.7077692413400046,-0.6561808595074516,-0.43196613033567877,fault
6.262626262626262,-1.4499489079100045,-0.6662177407894889,0.7421901592853866,fault
6.363636363636363,1.7407704545180602,0.371054395241757,0.4495614299321569,fault
6.4646464646464645,1.3349588874127296,0.8420735793216418,-1.0664070184320644,fault
6.565656565656566,-0.6756691186627027,-1.4078692388960725,-1.6085895437773472,fault
6.666666666666667,0.1356420611710505,-0.7975472281756086,-0.6786229937915493,fault
6.767676767676767,-0.5816546319693069,-0.0022782308883127662,-0.521240200189676,fault
6.8686868686868685,0.9285829802491705,1.5369104408917158,0.8120007433242152,fault
6.96969696969697,0.9138463193427521,0.8475765626180456,-0.5752900082400509,fault
7.070707070707071,-0.6786811140249148,-1.7792992103135643,-0.5994339684319134,fault
7.171717171717171,0.12113811135331354,-1.5522369388541768,-0.7182005864183206,fault
7.2727272727272725,-1.3966511778819202,0.9473398206981593,0.6539567002821476,fault
7.373737373737374,1.5968375746466532,0.6594540884806259,1.384582526689457,fault
7.474747474747475,1.0107878623571978,0.5305932944443288,-0.6857795676534906,fault
7.575757575757575,-0.19542240452580745,-0.48696641697605836,-1.7013871064868589,fault
7.6767676767676765,-1.6271341116156417,-1.155107236995669,0.8773521938674421,fault
7.777777777777778,1.2958949052400683,0.05841835516879812,0.8877910843413919,fault
7.878787878787879,0.7712391805988359,0.629869647749179,-0.24129760820691193,fault
7.979797979797979,-0.013049858523425328,-0.8708699643398511,-1.6940544311622083,fault
8.080808080808081,-0.3893410892063046,-0.908926376686687,0.05960999623270791,fault
8.181818181818182,0.5111722968591235,1.3555290146029744,0.213690755197813,fault
8.282828282828282,0.46935188960261126,-0.12495970323237415,-0.09859798930310706,fault
8.383838383838384,0.08508753610920294,-1.4450076536318772,-0.9422676782371914,fault
8.484848484848484,-1.20914590060116,-0.5256109256300161,0.3014539354540309,fault
8.585858585858587,0.22418836968310993,2.006048520110353,0.30156262865657024,fault
8.686868686868687,0.8454377075109107,0.3522654876362546,-0.4941558720028886,fault
8.787878787878787,-0.057808874062155347,-1.2616315464320076,-1.1088017281209814,fault
8.88888888888889,-0.3923135357706808,-0.8196519252009066,0.22570086129225542,fault
8.98989898989899,0.9763723005348648,0.8690555500167048,0.510808039580436,fault
9.09090909090909,0.2944864804923404,-0.7882636641369245,-1.1142297955958642,fault
9.191919191919192,-0.7082349119585201,-1.4682275555388662,-0.30773650487882065,fault
9.292929292929292,0.6299391234459557,1.490867412336809,1.8557248805031143,fault
9.393939393939394,1.8528852571595098,2.5043784655757833,-0.2590462239513983,fault
9.494949494949495,0.34011958335667475,-0.7352805036725526,-1.6906902980902747,fault
9.595959595959595,-0.6278438120467977,0.012332732424783333,-1.0460174602769317,fault
9.696969696969697,1.8949557040458445,1.5443226194669957,0.8358883447528238,fault
9.797979797979798,0.8690599827290129,0.4548758260378439,-1.5577330903013982,fault
9.8989898989899,-1.2624658986793171,-0.5455166988814635,0.07415458909541717,fault
10.0,-0.1406351212217218,0.7995202438705726,1.3079891894036255,fault
0.0,-0.6573072384103388,1.2106592562809348,1.020724705439194,fault
0.10101010101010101,-0.7648211124047629,0.26305414172721003,0.2795574196146262,fault
0.20202020202020202,-0.4953233394662295,0.30127842136648686,1.453077316933641,fault
0.30303030303030304,-0.1460428490554396,1.2590345770420641,0.45068399226668776,fault
0.40404040404040403,0.9356530147167722,-0.2642811774873518,1.35335652594816,fault
0.5050505050505051,0.09142160421597095,1.548542359999963,1.4167789880049195,fault
0.6060606060606061,-0.3244096216145251,0.6848859656742697,1.014868560548321,fault
0.7070707070707071,0.08101400560089506,0.8849315620920923,0.1522054781977702,fault
0.8080808080808081,0.5524628331659808,0.3844281897553823,1.797126969967994,fault
0.9090909090909091,0.928151908076211,1.14067930762108,1.074656398968682,fault
1.0101010101010102,0.08020603236459778,1.8026399897852832,-0.11422512069712354,fault
1.1111111111111112,0.8680309630617301,0.7208663631943039,0.009154003663955301,fault
1.2121212121212122,1.1990805951665633,0.5228154924229478,0.49055827760617154,fault
1.3131313131313131,0.5611667129249942,-0.03703677787655901,0.18918634390248412,fault
1.4141414141414141,1.074490608187698,0.5716723937629679,-0.7493104398290783,fault
1.5151515151515151,0.15638157292217825,0.2455055325998266,-1.206800517927715,fault
1.6161616161616161,1.5060974687577455,-0.8777188707679434,-0.9568820213472773,fault
1.7171717171717171,0.11423627451220608,-0.5005750770356177,-1.2971146354753886,fault
1.8181818181818181,-0.6560880169998613,-1.2871451193965062,-1.5381712383948416,fault
1.9191919191919191,-1.0280834670836212,-0.15062288251366673,-0.9215462507673635,fault
2.0202020202020203,-0.40333471047684544,-0.8084504118473974,-0.8390179924114234,fault
2.121212121212121,-0.31461707894680324,-1.1401972002040428,0.0697381529654949,fault
2.2222222222222223,-0.1396701247140938,-0.8343472077263402,-0.1259491472391514,fault
2.323232323232323,-1.4022707800249947,-0.5895595409878099,-0.34622478486138913,fault
2.4242424242424243,0.19253609400105443,0.3997788447406052,0.8121044281910232,fault
2.525252525252525,-0.8489016093169002,1.9065355595121227,0.9471240040354315,fault
2.6262626262626263,-0.3717523286790866,1.1389813208982211,1.4420555659563716,fault
2.727272727272727,0.9003325543715319,0.8435041369851615,0.4489144479787507,fault
2.8282828282828283,1.2871212825376919,1.2278368440903025,0.19603808795828714,fault
2.929292929292929,0.4434699148504895,0.413698810717339,-0.5179707693694516,fault
3.0303030303030303,0.9388110573234215,-0.12595816558655093,-0.5170520323322151,fault
3.131313131313131,-0.16592778887984266,-0.016796915792581246,-0.5029459355114387,fault
3.2323232323232323,-1.2637465700316937,-0.614958654525255,-0.6599685593246339,fault
3.3333333333333335,-0.5468158891312275,-1.6551360193284796,0.3496589528184838,fault
3.4343434343434343,-0.9684540176167229,-0.27380147200286786,0.5806511531669728,fault
3.5353535353535355,-0.2622766237483555,-0.1411508391492431,1.6596214467836568,fault
3.6363636363636362,-0.5497000368725404,0.5749182874330979,1.3935776276119567,fault
3.7373737373737375,0.6059645490621941,1.0957273197838249,1.168864495952061,fault
3.8383838383838382,-0.14984024132732887,1.4858711308254726,0.3523181497148805,fault
3.9393939393939394,1.5801094442320491,-0.13140662845806433,-1.1642694892725238,fault
4.040404040404041,0.8720768053687626,-0.9546612974334237,-0.34783802840460265,fault
4.141414141414141,0.2243190023666572,-1.2608554835698076,-1.883936597483216,fault
4.242424242424242,-1.2406128752638732,-0.572208354816069,-0.28677026321407395,fault
4.343434343434343,-1.0117351286388003,0.41386039031146205,0.6426032596162654,fault
4.444444444444445,-0.45183637259201104,1.5557591034928557,0.9931555778272884,fault
4.545454545454545,0.48467945445626553,0.3961537952784683,0.20472169867350132,fault
4.646464646464646,1.1871762132656647,0.1664779306802745,-0.05803735817146645,fault
4.747474747474747,1.036406800281882,0.14448037303697503,-1.4416055338796947,fault
4.848484848484849,-0.6206129676876094,-0.9006007736230837,-0.5126573778882102,fault
4.94949494949495,-2.1141500557824697,-0.5753866917919646,-0.04147702023424388,fault
5.05050505050505,-1.217373192620733,-0.46921247939644717,0.13331684950225797,fault
5.151515151515151,-0.030236727271491,1.2039737002469162,1.0476772435438324,fault
5.252525252525253,1.3908962754289393,1.0959461572139813,0.7732409873161957,fault
5.353535353535354,1.128726620006251,1.0300321101879326,0.7564772499068081,fault
5.454545454545454,0.6426148870091146,-0.18709595280359437,0.14678457968529213,fault
5.555555555555555,-0.2036177918661537,-0.7529479079631253,-0.6670802974490962,fault
5.656565656565657,-1.4886718811585928,-1.331282416380395,-0.8761725168892682,fault
5.757575757575758,-0.31968496120893497,1.3603976613375017,1.578070091315666,fault
5.858585858585858,0.6562018597382009,0.8969576017159746,0.8318143576039048,fault
5.959595959595959,0.8960474837810556,0.12995753324165568,0.13171322408600428,fault
6.0606060606060606,-0.4173195883234022,-0.7905505317295854,-1.807231131048689,fault
6.161616161616162,0.02121838037370849,-0.9653613042953417,-0.12377160295686387,fault
6.262626262626262,-1.283700586288627,0.7017189302179603,0.003379573434682648,fault
6.363636363636363,-0.003174470648413752,1.0820738086208648,0.4744564708235479,fault
6.4646464646464645,1.5068480726244882,0.4784075817063808,-0.9476541208590469,fault
6.565656565656566,-0.2691990578336554,-0.7612820709011152,-1.4250804103056867,fault
6.666666666666667,-1.3906437938417757,-0.996734313498797,-0.5967305498555018,fault
6.767676767676767,-1.0034786706309249,0.17420666417142722,0.26827440873259234,fault
6.8686868686868685,0.7196037217716309,1.027435862117095,-0.09070611047489385,fault
6.96969696969697,1.6019619195528645,0.34418538375247143,0.7322873224532782,fault
7.070707070707071,-0.16633925293098473,-1.13898940938942,-1.40194895030676,fault
7.171717171717171,-1.4635192006859765,-0.7576152181821556,-0.31399634787761466,fault
7.2727272727272725,-0.5165294589304794,0.8358695760454643,1.4166887963443817,fault
7.373737373737374,0.5557075662708333,0.2675750587434913,0.9976461124012337,fault
7.474747474747475,-0.25546733490905726,0.5537632773909102,-0.04542486566073578,fault
7.575757575757575,-0.2714059394627851,-0.31633041027411424,-1.5744408213202976,fault
7.6767676767676765,-0.7003176482931626,-0.013523458293981688,-0.05901595905705548,fault
7.777777777777778,1.1779599495459854,0.8108682524768465,1.227241173363009,fault
7.878787878787879,0.47777583528540374,0.9616555327251313,-0.5990244284020775,fault
7.979797979797979,-0.4142753521027755,-0.9870721422595998,-0.7210384208867674,fault
8.080808080808081,-1.1806438663772276,-0.43077948992513526,0.6295070353330035,fault
8.181818181818182,-0.027236027516366668,0.8284009567033023,1.8034733886133676,fault
8.282828282828282,0.3647515178304801,-0.08287582996824827,-0.9904441504992821,fault
8.383838383838384,-0.8757672377942652,0.17652610244592504,-1.2032769627997393,fault
8.484848484848484,-0.08742579974748155,-0.8946010609281613,-0.1296707172117076,fault
8.585858585858587,0.5593338266723923,0.270579446989374,1.6341248748236838,fault
8.686868686868687,0.4220437710011054,-0.3582696031890415,-0.398050836625852,fault
8.787878787878787,-0.19707344728260584,-1.9837805706942837,-1.5141663397604557,fault
8.88888888888889,-0.6167969886775129,-1.5128431118976755,1.032362151511662,fault
8.98989898989899,0.16553190074053292,0.6902629349509923,0.6868296306541772,fault
9.09090909090909,0.8287613078609921,0.11208311403846677,-0.07682671596049728,fault
9.191919191919192,-0.6225499886258508,-1.1372280406668396,-0.3028214656866381,fault
9.292929292929292,-0.04675763961840762,0.6848419998073283,1.2442057900042056,fault
9.393939393939394,1.4313645897919187,-0.1564131708243961,-0.27842522065639597,fault
9.494949494949495,-0.5813235020135431,-0.4785140579093801,-0.4532655779429434,fault
9.595959595959595,-0.9574922524606877,-0.1520476145653202,1.2037485677999227,fault
9.696969696969697,1.1179049027840344,1.6901683017994404,0.7268109066650661,fault
9.797979797979798,0.6297326649953161,-0.7563256019901297,-0.598276643799859,fault
9.8989898989899,-1.1908263391723752,-0.4818095998703392,0.2289902893674643,fault
10.0,-0.23196443983289033,1.0113034527186135,0.7939687035763122,fault
0.0,-0.7446690836363397,0.6709560181431318,1.0299807877414267,fault
0.10101010101010101,0.6024499281615918,0.45139706009486086,1.1957890991641906,fault
0.20202020202020202,-0.4481784334773851,0.7925508886353163,0.9916889353930985,fault
0.30303030303030304,-0.14132785963489783,0.8833301424119377,1.0818587123185759,fault
0.40404040404040403,-0.20251584625735944,0.8509869436751157,0.22505598835313778,fault
0.5050505050505051,0.7531586102546873,-0.18798627162184534,0.24252932383398085,fault
0.6060606060606061,1.0558483117455923,0.42238895651394115,0.5681787140802828,fault
0.7070707070707071,0.8429042563737249,1.0841812425642976,1.5518349143780323,fault
0.8080808080808081,1.3444781862924482,0.9089258820037964,0.7344744217930755,fault
0.9090909090909091,0.9462130916122031,1.5807498493660948,0.785032312642351,fault
1.0101010101010102,1.4224381054265747,0.8383918966563398,-0.01569984105628086,fault
1.1111111111111112,0.7327962595408721,1.393582952407822,0.657194838864096,fault
1.2121212121212122,0.9563920987294934,0.8584515563631697,0.08772279663717147,fault
1.3131313131313131,0.7061151931935981,1.242390102140103,0.4153374526413194,fault
1.4141414141414141,0.6531478431330418,-0.17596506900469028,-0.2698707441013658,fault
1.5151515151515151,0.5356702912624098,-0.6919579971526687,-0.4765563865413052,fault
1.6161616161616161,1.753499793456439,-0.14257002911900568,-0.28139988015208167,fault
1.7171717171717171,0.3706266658882865,-0.13048295736009646,-0.32196925092556217,fault
1.8181818181818181,0.6095890377381945,-0.8523714974664807,-1.3526359477147814,fault
1.9191919191919191,-0.20488812169580506,-0.4403543650464094,-1.1795105621352755,fault
2.0202020202020203,-0.628827962858158,-0.8565374946084995,-0.15527159080783182,fault
2.121212121212121,-0.006123519225280094,-0.7040222511574687,-0.7622270341019304,fault
2.2222222222222223,-1.0963235138673721,-1.1700834251396606,0.3266570278545525,fault
2.323232323232323,-1.2266365096721787,-0.1361752940283953,0.35874314164125554,fault
2.4242424242424243,-0.2516590120668439,0.5731780972304943,1.3851547834804607,fault
2.525252525252525,-0.06275045888612313,0.8050793546475168,0.49347869161630004,fault
2.6262626262626263,0.36884686339771544,0.18943095835120105,0.49675470977045705,fault
2.727272727272727,0.41210930714771854,1.643843794977332,1.368994229784394,fault
2.8282828282828283,1.5243911546971045,1.7359081291156222,-0.19870053656121517,fault
2.929292929292929,1.1675682962149576,0.18170102015425338,-0.23680222109247062,fault
3.0303030303030303,0.40172311311692765,0.32476045109304963,-0.671698316539141,fault
3.131313131313131,0.37832404823698884,-0.12431473469223081,-2.2246446473708064,fault
3.2323232323232323,-0.027458054546832422,-0.7520902629218944,-1.431765440814669,fault
3.3333333333333335,-1.2755825807675203,-0.8027651613296135,-0.24816720383325314,fault
3.4343434343434343,-1.250874976754933,-1.6689747692526544,-0.15070503822226647,fault
3.5353535353535355,-1.588509337305288,1.1196245961286497,0.6973748210033204,fault
3.6363636363636362,-0.1536631051069905,1.0452761160688715,1.2081562528200323,fault
3.7373737373737375,0.4423359725286047,1.4996258164536433,0.9790060639065015,fault
3.8383838383838382,0.6483787338576625,0.5948061523509663,-0.5658275977819931,fault
3.9393939393939394,0.3224434503717921,-0.04656323842281901,0.6204218319626953,fault
4.040404040404041,-0.0628922856761624,0.01841421160171597,-0.3146564876289818,fault
4.141414141414141,0.008955502262872506,-0.4676940351493612,-1.108586665293725,fault
4.242424242424242,-1.712211596328201,-0.3881113016615183,0.21124772883256665,fault
4.343434343434343,-0.7799485095862825,-0.03540992867929521,0.5989639183606662,fault
4.444444444444445,0.2757602350314378,1.409082434537122,1.0818666290021717,fault
4.545454545454545,0.29967354851962263,1.1110620663265998,0.3609135262090064,fault
4.646464646464646,0.1840900698604675,1.1232348471547977,-0.5136599369870682,fault
4.747474747474747,1.0904177038697553,0.13673989920382523,-0.12127581097270879,fault
4.848484848484849,0.09024422974622809,-1.628722688025384,-2.0623167536692613,fault
4.94949494949495,-1.0666490180587174,-0.246638504373756,-1.1107132550393208,fault
5.05050505050505,-1.028991687378067,-0.41924241360343295,0.5375424737143611,fault
5.151515151515151,0.310523108210203,1.2951238024861582,0.9049637764409783,fault
5.252525252525253,1.1715788997859993,2.6212089570998187,-0.16705525161230905,fault
5.353535353535354,1.54375483290225,0.4278678501493446,-0.21454706538162088,fault
5.454545454545454,0.1555177512412917,0.13964802213547534,-1.120178640037582,fault
5.555555555555555,0.39833239207687376,-0.8363755841767084,-0.7481171748449462,fault
5.656565656565657,-0.7753953670532059,-0.8879825919900738,0.24042049843862295,fault
5.757575757575758,-0.8697808084318746,0.48557361710781566,1.769615362790686,fault
5.858585858585858,0.5456191439053419,0.8326427941396675,0.17688493070179262,fault
5.959595959595959,1.4677058271243677,0.12969522819286639,-0.13987914312211208,fault
6.0606060606060606,-0.8432854363643713,0.2785007634829729,-0.31674768585357516,fault
6.161616161616162,-0.7064725698280109,-1.4396634305069305,-0.013338933844645573,fault
6.262626262626262,-1.8154453079274326,-1.1960326495475961,0.5581582635929011,fault
6.363636363636363,0.394459799113299,1.728977493774623,1.1423934351991536,fault
6.4646464646464645,1.2311133666683638,0.4947373967261225,1.029232803643395,fault
6.565656565656566,-1.051560855121461,-0.9443535091470641,-2.4188780183521024,fault
6.666666666666667,-0.6688041667859267,-0.4394425343325852,-0.613983088737031,fault
6.767676767676767,-0.7362696122457449,0.2441879536676617,0.03433203187442291,fault
6.8686868686868685,-0.41457074181939435,1.8070485322203935,1.5588931358248148,fault
6.96969696969697,1.1513470159117267,1.094734421406657,-0.8956397678233907,fault
7.070707070707071,1.2056866427092077,-0.7300233222697573,-1.583364243883731,fault
7.171717171717171,-1.3856198411706944,-0.5429018446464026,-0.14873994416476516,fault
7.2727272727272725,-0.6657164696567544,1.234427151776386,0.9423440278446008,fault
7.373737373737374,1.5294105565197702,0.8686075546307717,1.3219288523479995,fault
7.474747474747475,0.8581269202151411,-0.524712192657116,-0.2573785988179037,fault
7.575757575757575,0.19018150788669708,-0.7335091812061041,-1.721635618437263,fault
7.6767676767676765,-0.34073255378100065,0.8956745131365352,0.955373494827106,fault
7.777777777777778,0.0024171374782482324,0.7908457863304945,0.9505445033798811,fault
7.878787878787879,0.1338493343434597,1.136949815232134,0.8445368896697678,fault
7.979797979797979,-0.2510867507666307,-0.8017703484800601,-1.166809603068302,fault
8.080808080808081,-1.3907496746151606,-0.6311996456414928,0.06616113378748772,fault
8.181818181818182,-0.4836743262608083,0.5138921235287741,1.1497552426274515,fault
8.282828282828282,1.6970265111832803,0.8188483522987287,-0.302995932514955,fault
8.383838383838384,-0.1948123174740905,-0.4731436248241926,-1.0477176207282461,fault
8.484848484848484,0.1605652786595757,-0.014680735156634983,0.6925284767663825,fault
8.585858585858587,1.4583164623341993,1.710856289110323,0.9411189054967509,fault
8.686868686868687,0.3339321245964496,-0.6713712652962509,-0.32135022391810003,fault
8.787878787878787,-0.1334445297018535,-1.029265887691006,-0.8249314206152925,fault
8.88888888888889,-0.6735836664669894,-0.3928161627496096,-0.1890353212047895,fault
8.98989898989899,0.6362900497089079,1.0248899321363336,0.48008665213330093,fault
9.09090909090909,0.9003736010671657,0.23751034754669167,-0.9817010159118766,fault
9.191919191919192,-0.9895287595614795,0.1531837259869887,-0.2910113530053382,fault
9.292929292929292,-0.5100583298558814,-0.16771640247206399,0.5440694174562313,fault
9.393939393939394,0.6403026834678458,0.8349067439413703,1.107290200866859,fault
9.494949494949495,-0.008059946257329587,-0.5402416385546653,-0.5000020658942452,fault
9.595959595959595,-1.4902705375165382,-1.0604181353459465,0.24207724902218533,fault
9.696969696969697,0.43802660335124133,1.295944453750328,1.1239692940430124,fault
9.797979797979798,-0.06474562654283367,0.3436037342218001,-1.6169954660098234,fault
9.8989898989899,-1.1004257095612104,-0.8942546791297532,0.3078890191201587,fault
10.0,-0.7042749642183447,0.809979112526435,1.6750032287967498,fault
0.0,0.33704386610124415,0.3076718480013594,2.2449950132779626,fault
0.10101010101010101,-0.5170728859940713,0.48964281888879435,0.039456311404615696,fault
0.20202020202020202,-0.9195454444911759,1.5728533693125861,1.0745197048194934,fault
0.30303030303030304,0.42813749483842245,0.4080720666246861,0.8604258851527353,fault
0.40404040404040403,0.42229723084637083,0.7330816259595707,1.2823103494748191,fault
0.5050505050505051,0.8210788616942216,0.1311314371710458,0.24083240168463604,fault
0.6060606060606061,0.5124569264878709,1.1259867647121864,0.1447165862814771,fault
0.7070707070707071,-0.17296349609117767,1.6513074800516128,1.137527341092251,fault
0.8080808080808081,0.47767889499262645,0.3856177543756656,0.7799987068829948,fault
0.9090909090909091,0.8628315153533611,0.4722148521321269,1.3934921690720894,fault
1.0101010101010102,1.384449875940827,1.2255509759867138,1.2399350074029127,fault
1.1111111111111112,1.2258280130655712,0.3157901798540472,0.27865236723103437,fault
1.2121212121212122,1.5600233391421368,0.19137113551930063,0.3511601684633605,fault
1.3131313131313131,0.9193121588495887,0.45552290935452555,-0.3225962228942433,fault
1.4141414141414141,0.3109460744319664,-0.0418635659500361,-1.2162304201381526,fault
1.5151515151515151,0.678287762633345,-0.09036199627297145,-0.7409479230185546,fault
1.6161616161616161,0.1255385878273827,0.6813518884145305,-1.3218902308475466,fault
1.7171717171717171,0.13890625256057498,-0.861210703820428,-1.5135633231795063,fault
1.8181818181818181,0.8022381678633801,-1.209592740170656,-1.3495894656353438,fault
1.9191919191919191,-1.0575528236712786,-0.9606649972759429,-1.008120662268142,fault
2.0202020202020203,-0.5646917323734397,-1.7538229341542109,-0.7966742464202067,fault
2.121212121212121,-1.6211581484244781,-0.4942410379461294,-0.14734619592779924,fault
2.2222222222222223,-1.1550940682626136,-0.8415463408973398,0.5791831534023278,fault
2.323232323232323,-0.16078525783171282,0.20642431162780472,0.5086211262191962,fault
2.4242424242424243,-0.5790309181051817,-0.10918317280253503,1.0646579893810202,fault
2.525252525252525,-0.3998834815313055,0.827003770527067,0.8489732913428409,fault
2.6262626262626263,0.7119235630952212,0.4793462078634354,0.8831386665856651,fault
2.727272727272727,0.3890634292311511,0.41424188283090924,0.21455148755796627,fault
2.8282828282828283,0.37114443248382245,-0.008682303146521742,0.6344113789764086,fault
2.929292929292929,1.5387220626115248,0.5432752072401839,-0.05381819246537836,fault
3.0303030303030303,0.5736172757913867,0.044883623691206714,-0.7376055915331973,fault
3.131313131313131,0.7467575396307095,-0.09398318657691979,-0.8419717055300479,fault
3.2323232323232323,-0.5017107757025624,-0.4310166717449939,0.0692091186278444,fault
3.3333333333333335,-0.2935156101212937,-0.6487624589228375,-0.8918336502624247,fault
3.4343434343434343,-1.4776871449127589,0.4925816271578223,0.7633377201999849,fault
3.5353535353535355,-0.26645199925982327,-0.07211256534069749,1.1508994526600027,fault
3.6363636363636362,-0.15984708524816818,0.4316136203294145,1.3268939902416876,fault
3.7373737373737375,0.8007025488467531,0.21627936512790824,1.373499992752627,fault
3.8383838383838382,1.4235183922124313,1.5278110864783625,-0.1721040480850194,fault
3.9393939393939394,0.7150849129640725,0.8731006117827798,-0.7188853133820318,fault
4.040404040404041,0.013453058208376834,-0.6685467091683985,-1.0846931033036766,fault
4.141414141414141,-0.9996683306324701,-0.3945817589694639,-1.6468333177813266,fault
4.242424242424242,-0.7455762598054085,-1.0051493558221152,-0.42617292387739836,fault
4.343434343434343,-0.9216195126251877,0.24522055033998225,0.01280874571051227,fault
4.444444444444445,0.4821523997657869,0.4630902532199548,0.4517398034971394,fault
4.545454545454545,1.1653025798051009,1.520323689063284,0.4185275609021859,fault
4.646464646464646,1.886810873714914,-0.0913794101526978,0.3532406675006869,fault
4.747474747474747,1.2845327386355976,1.521551449672835,-1.6012095613027464,fault
4.848484848484849,0.07552378478504146,-1.025190959947597,-0.9639268137102115,fault
4.94949494949495,-1.4488965594021648,-1.421267226839318,0.06423487326360566,fault
5.05050505050505,-0.20576947285001224,-0.6084167720627427,-0.12108577070041693,fault
5.151515151515151,-0.2052001855301738,0.7792533951966523,0.31629225052050425,fault
5.252525252525253,1.6666732068082628,0.5597451596119968,1.036241099382911,fault
5.353535353535354,0.9537887121025302,0.8756294955541599,-0.40246442244254976,fault
5.454545454545454,-0.025597130376105476,0.7124315590559068,-2.1510420882724657,fault
5.555555555555555,-0.618385155623286,-0.42658716065243873,0.24672428568431182,fault
5.656565656565657,-0.47621623178040257,-0.35775867343546874,0.7445750122414638,fault
5.757575757575758,0.21418589940335458,0.16090257336127112,0.7562322672461208,fault
5.858585858585858,0.941737233897064,0.8842777367370055,0.33768720004660596,fault
5.959595959595959,1.2358225272455952,-5.653194657556648e-05,-0.838562204986617,fault
6.0606060606060606,0.26429516433660927,-1.627608084041756,-0.8653423388540941,fault
6.161616161616162,-1.6504414892924246,0.5694017541746248,-0.5127137874090322,fault
6.262626262626262,-0.5629961512217182,0.6195354293544955,0.8572751837808958,fault
6.363636363636363,-0.4245222910381008,1.0150724072906374,1.607506882004203,fault
6.4646464646464645,1.2728323334666485,1.287369102731571,-0.30667205568748157,fault
6.565656565656566,1.4193831751618164,-0.860149852368938,-0.8607528054866397,fault
6.666666666666667,-0.5872297045470969,-0.3290756538726014,-0.9231587900665029,fault
6.767676767676767,-0.6400863711910604,-0.3347070081927158,0.5801148407237382,fault
6.8686868686868685,0.35762807455373724,0.6754471442810952,1.055138075763886,fault
6.96969696969697,1.4942482939643016,0.5664995527343711,-0.6748059508740463,fault
7.070707070707071,0.06061986831272515,-0.028993375178084313,-0.424538146747806,fault
7.171717171717171,-1.3987143913789355,-1.6258620177446583,-0.4695109642106122,fault
7.2727272727272725,-0.19075159594787117,1.0330593708777238,0.9690513156123214,fault
7.373737373737374,0.6428113041774244,0.6287296315127028,0.444796709677667,fault
7.474747474747475,0.10655323327926502,-0.2391351862020201,-1.7187543113730421,fault
7.575757575757575,-0.39646791389821434,-1.755740190434012,-1.2117595745860148,fault
7.6767676767676765,-1.0205353996452637,0.10630097826536941,-0.0020040003610850565,fault
7.777777777777778,1.1862564450922004,0.45911055929706945,0.6363334964413185,fault
7.878787878787879,1.3734269618301362,0.5220126399195936,0.053123472619844125,fault
7.979797979797979,-0.12049140701147304,-1.3574175558294566,-0.6306589923388447,fault
8.080808080808081,-1.0920517234803544,-0.4018398496768689,0.3612109709700944,fault
8.181818181818182,-0.3930681818779034,1.1395989905982304,0.16650501681043095,fault
8.282828282828282,1.3521117835638243,0.9141913214841986,-0.6890269733157381,fault
8.383838383838384,-0.250699801346658,-0.8543925654417189,-0.038185126074007814,fault
8.484848484848484,-0.48878048022198134,-0.766057436487597,-0.057024522654895826,fault
8.585858585858587,0.09302112955593561,0.4623112400689501,0.4378292756700964,fault
8.686868686868687,1.0848681222221432,0.4198757884144086,0.014161714647383639,fault
8.787878787878787,-0.2500100922972312,-1.2937500539209386,-0.6149793190176644,fault
8.88888888888889,-0.35860503615084477,-0.2729366644487451,0.3286419804571439,fault
8.98989898989899,0.3731253101720576,1.6450010321182602,1.0234554067964137,fault
9.09090909090909,0.8962148015407954,-0.9394688716422265,-0.41772536848801,fault
9.191919191919192,-1.2057419902232176,-0.369188667947111,-0.7375702863236369,fault
9.292929292929292,-0.4970152118873563,-0.5571570358536175,0.8884959195680695,fault
9.393939393939394,1.789423492682991,1.024445287091262,0.8117489316467665,fault
9.494949494949495,-0.1848387976142326,-1.1816330937783321,-1.145625478984518,fault
9.595959595959595,-0.6745107044661363,-0.17182087874131569,0.0043643569482835765,fault
9.696969696969697,0.31866039901863746,0.6279301011939811,0.13088225955483146,fault
9.797979797979798,0.28021058694251605,-0.6540317403454068,-0.08219206758484832,fault
9.8989898989899,-0.2703835441426332,0.006795476258823374,-0.7118824034666041,fault
10.0,0.39157538318563767,1.2499839578969183,0.8459582230836867,fault
0.0,0.5400999176147345,0.35834712516288186,0.055738003241431855,fault
0.10101010101010101,0.733090207667543,0.030609502271162436,0.3240591884044951,fault
0.20202020202020202,0.21690504231812907,0.6331925801614902,-0.04275557169589539,fault
0.30303030303030304,0.6052091779394221,1.064534745110124,1.2905380922928413,fault
0.40404040404040403,-0.10463167546012195,-0.039989418709941216,1.86890253344156,fault
0.5050505050505051,-0.10998989150640334,0.8533165826981203,0.8795195725870526,fault
0.6060606060606061,1.12649014997352,1.1108930919958246,1.165494617760204,fault
0.7070707070707071,0.7739289459470385,1.3296887932738035,1.5025780795673211,fault
0.8080808080808081,-0.06995508199278755,0.44528306155031927,2.1765252634482635,fault
0.9090909090909091,0.7685107736036552,1.0276299408521805,1.0044685413169863,fault
1.0101010101010102,0.11929254292763403,1.7790881107800762,0.7015229486554275,fault
1.1111111111111112,1.3066612384175205,1.1430575222827826,0.8232033335481497,fault
1.2121212121212122,0.06440066864439942,0.6612619737283928,0.4132815308559077,fault
1.3131313131313131,1.2504938844886357,-0.12229702089472694,0.5901689395148276,fault
1.4141414141414141,1.4128288042626294,0.2438461993679642,0.4384539100768795,fault
1.5151515151515151,1.4102635535539194,0.2182857472856694,-1.3078153074812549,fault
1.6161616161616161,0.6201937868893173,0.11171584140633734,-0.6149152608517783,fault
1.7171717171717171,0.5239323120130248,-0.4224683177097383,-1.0629807177108046,fault
1.8181818181818181,0.3355182065673847,-0.7317944483173026,-0.269007395191604,fault
1.9191919191919191,-0.04470032828127646,-0.01963851106319381,-0.011020140550358937,fault
2.0202020202020203,-0.9228646545902854,-1.1216708829922986,-0.44546498469880086,fault
2.121212121212121,-0.04862589042348808,-0.9524851959684598,-0.6242000323457992,fault
2.2222222222222223,-0.606766901341705,-0.01698671808361818,-0.09166867463321297,fault
2.323232323232323,-2.241228437298412,-0.4077323920108336,0.2559714675217012,fault
2.4242424242424243,-1.5080636513626113,-0.17478211278534692,1.1808712673463908,fault
2.525252525252525,0.04559880451082127,1.3746821872601362,1.061898809746504,fault
2.6262626262626263,0.4088458392775779,0.3605404643396856,0.8850160665707468,fault
2.727272727272727,0.9852078295873021,0.2942771913904879,1.3475082892027233,fault
2.8282828282828283,0.5015886650435557,1.3162033401556612,0.14680020691881454,fault
2.929292929292929,1.0217035265451482,0.1781182556513798,-0.6882043536885728,fault
3.0303030303030303,0.9240744906877961,-0.04107016116091916,-0.5767706109943498,fault
3.131313131313131,-0.12163453548298869,0.1236256345561283,-1.3122529363783246,fault
3.2323232323232323,-0.6175890328295297,-0.9530218447157547,-0.3451011648061111,fault
3.3333333333333335,-0.9569110822104208,-1.289816284235013,-1.113762478291082,fault
3.4343434343434343,-0.40683902008279504,-1.0963750051618004,-0.2724463117631294,fault
3.5353535353535355,-0.5950522310370181,-0.17379491272919048,1.2248141112460247,fault
3.6363636363636362,-0.08354195357589937,0.5959942089284491,0.8727283085839648,fault
3.7373737373737375,0.6377895805909681,0.952212364155002,1.7427352897365895,fault
3.8383838383838382,0.5172058072076244,0.838894157490831,0.09583747876562743,fault
3.9393939393939394,0.9050131104669418,0.5183898139628486,-0.13422916609551344,fault
4.040404040404041,0.6513596379640575,0.17915341401182294,-1.0410031179303274,fault
4.141414141414141,-0.7306241231284036,-0.5709851390121046,-0.9333774917690212,fault
4.242424242424242,-0.773448050799926,-1.562712331352977,0.4272792798371334,fault
4.343434343434343,-1.2551194039472668,-0.5157254895020487,0.8322487831911511,fault
4.444444444444445,-0.5205704560088531,0.8627188802413022,1.4213680930171049,fault
4.545454545454545,0.31430934808575445,1.6759592942125474,1.0364061247144511,fault
4.646464646464646,0.6809704883319103,0.11707449346210164,0.0006929112848187702,fault
4.747474747474747,1.357253698659308,0.12776048241220844,-1.0412229401069815,fault
4.848484848484849,-0.22841776636233274,-0.9331349225441625,-1.1565037259694015,fault
4.94949494949495,-0.4633463175793319,-0.4205410080605787,-0.8319440625139647,fault
5.05050505050505,-1.082192603159527,-1.6033510854394333,0.20156369409104824,fault
5.151515151515151,-0.1409416011708446,-0.08245679599982303,0.49610160497376793,fault
5.252525252525253,1.4144258574919417,1.5768021998878379,0.7979167412674585,fault
5.353535353535354,1.4150482858536642,0.3724231587606489,-0.6996639347638065,fault
5.454545454545454,0.2975912075348753,-0.6561547347813951,-1.2309205650452517,fault
5.555555555555555,-1.3273411549556007,-0.8155406295399471,-1.4941010301993627,fault
5.656565656565657,-1.0432702679363883,0.1968150368286905,-0.03735290854732848,fault
5.757575757575758,-0.06875039140926788,0.6128359850783837,1.0704963883773593,fault
5.858585858585858,0.8825663857495492,1.2065062610239972,1.1661112352347,fault
5.959595959595959,0.6291509987045545,0.5581731208267819,-0.6148815432950778,fault
6.0606060606060606,0.09929242427570997,-0.520968398056501,-0.7972254255580937,fault
6.161616161616162,-0.9750523678682753,-0.5908536938336699,-0.3421210034678605,fault
6.262626262626262,-0.48568029616830305,-0.3784588179658157,2.126723747203161,fault
6.363636363636363,0.6710607119073773,1.3085286728418968,0.18925083812610677,fault
6.4646464646464645,1.2210731541307231,0.7110754062976851,-0.05254573372311855,fault
6.565656565656566,-0.7147877599615867,-0.6930333245720729,-1.708335440473975,fault
6.666666666666667,-1.7051654276326793,-1.6471969548661418,0.17542917212579368,fault
6.767676767676767,-0.39322161288646956,-0.3078343364446011,-0.015932326168748845,fault
6.8686868686868685,0.018501692422590588,0.497726344201139,1.4060257459937557,fault
6.96969696969697,1.7245830410637102,-0.29549675328066627,0.6824403554048663,fault
7.070707070707071,0.7146791825478589,-0.49940877640260894,-0.5263308518017831,fault
7.171717171717171,-0.8860664372872817,-1.380718802309024,0.0036905427698685767,fault
7.2727272727272725,0.6145734926762244,-0.3007629257581621,1.7712658593786044,fault
7.373737373737374,1.2606770098006783,0.7796646186133636,0.006632083434582214,fault
7.474747474747475,-0.05687211760433353,-0.02561131746972281,0.2229924858037292,fault
7.575757575757575,0.11909016730475919,-0.9629925118686236,-0.679373319833066,fault
7.6767676767676765,-0.15769279202681896,0.15675306032453476,0.5458333499495337,fault
7.777777777777778,0.5766408869346437,1.128883105829787,0.2087463275838426,fault
7.878787878787879,0.8540060951333351,1.499525762812168,-0.6743120270526952,fault
7.979797979797979,0.2510133705141766,-0.617738140477041,-1.1322889989695408,fault
8.080808080808081,-0.3088117841619161,-0.2859580994904164,-0.34730282213398656,fault
8.181818181818182,0.827198038662724,0.3681842897260136,0.12124755016948308,fault
8.282828282828282,1.1540748185130856,-0.12017138379666958,-0.17833879363149885,fault
8.383838383838384,-0.6135017992227609,-1.4702836338173797,-1.4596879838103558,fault
8.484848484848484,-0.6706766482709163,-0.16760243513468825,0.28372789489838207,fault
8.585858585858587,0.8448158353059114,0.719000215073281,0.9364713197884056,fault
8.686868686868687,-0.0006218031745183206,-0.23000607468293438,0.017488876733392666,fault
8.787878787878787,-1.677454869879476,-0.7202732537357506,-1.3828343182978307,fault
8.88888888888889,-1.4244224901107279,0.018413919824336406,0.2375769320962633,fault
8.98989898989899,1.1788644254173248,1.4236237359940704,-0.6471352411958042,fault
9.09090909090909,-0.04458677888125406,0.5918965877638821,-0.46612649367139175,fault
9.191919191919192,-1.1799158753156682,-1.5091488494261356,-0.9944981013211384,fault
9.292929292929292,-0.8566130863610688,1.4339739540467533,0.543765357153938,fault
9.393939393939394,1.1022701307913072,0.6081688932108383,0.012739694770118798,fault
9.494949494949495,0.29095230880584055,-1.2585570571056888,-1.2561723246334067,fault
9.595959595959595,-0.8033155103264797,-0.8406052715795999,0.8423575466710207,fault
9.696969696969697,0.2782081696597241,1.3872765588044138,1.2141785325714936,fault
9.797979797979798,0.965963078080987,0.07242079796395282,-0.4378721389764541,fault
9.8989898989899,-1.1596098139588853,-1.403707869970677,-0.3426170668573123,fault
10.0,-0.41511553743188506,0.8179776619848574,0.73049604370146,fault
0.0,-0.9748309828373279,0.7024131099680493,1.721657078749252,fault
0.10101010101010101,-0.08636957980907847,0.2399898755404713,1.605687519527962,fault
0.20202020202020202,0.2696953684411472,1.3611307487801074,0.9778944548355362,fault
0.30303030303030304,1.1196435308436177,-0.03886357036828336,0.38658493337464683,fault
0.40404040404040403,0.48405432529845127,0.48350167084187123,0.8947739047907174,fault
0.5050505050505051,-0.06821125601917535,1.2900293072664528,2.0965228583707036,fault
0.6060606060606061,1.2149904324004464,0.6298422438073346,0.7847513003310607,fault
0.7070707070707071,0.5370066993749351,0.09305827525239718,1.0681895562755153,fault
0.8080808080808081,0.6192613604653453,0.37007917662682766,0.8417409669098177,fault
0.9090909090909091,-0.017947833857762996,1.062233469438979,0.25278454377479126,fault
1.0101010101010102,0.587022370148653,1.1381595685022443,-0.030196425497266977,fault
1.1111111111111112,1.5710185569976167,0.3015521081060737,0.8664837131160807,fault
1.2121212121212122,-0.28194323648021735,0.7775028146162914,-0.618464605868324,fault
1.3131313131313131,1.532585912011343,1.3826517400738627,-0.32712752789052535,fault
1.4141414141414141,1.085368883735491,-0.30907435813239953,-0.6360806939196044,fault
1.5151515151515151,0.14790523534012878,0.3301730514350998,0.033290001535005276,fault
1.6161616161616161,0.3491735201251821,0.3256694390917098,-0.46035403123144986,fault
1.7171717171717171,0.5411955779592718,0.00024675806334528705,-0.9420901211668181,fault
1.8181818181818181,0.04376068167583581,-0.42208028802346337,-1.1676941137364822,fault
1.9191919191919191,-1.361641326926966,-1.5797092326893778,-1.2042058601543475,fault
2.0202020202020203,-1.1173626394078164,-0.3890267356576462,-1.5148007148391056,fault
2.121212121212121,-1.025840478262655,-1.1525979765216774,-0.1480578724762745,fault
2.2222222222222223,-1.402945061966677,-0.9718293615605431,-1.2931179115848008,fault
2.323232323232323,-0.20469230532728777,-0.7824270420045984,0.6249637963860518,fault
2.4242424242424243,-1.1428235561468774,-0.2237528857880446,0.3001632682330874,fault
2.525252525252525,-1.0166707371376738,-0.3504234808258764,0.9642556344266073,fault
2.6262626262626263,1.0359763213255186,0.6753183214347592,1.3839547651711728,fault
2.727272727272727,0.4983187816216009,0.4652694809735384,0.3243619490503133,fault
2.8282828282828283,0.3106571072294282,-0.5264574026000701,0.4202707595348083,fault
2.929292929292929,1.1386604499576907,0.8761752141233573,-0.08552549562764505,fault
3.0303030303030303,1.1660918596530558,0.12217627462321881,-1.1405394594396645,fault
3.131313131313131,0.4378506220051398,-0.6898540444473689,-0.7123729881342443,fault
3.2323232323232323,0.09233004481827495,-0.9884022567124934,-0.3800940310089599,fault
3.3333333333333335,-0.8281718945710301,-1.1889184930170267,-1.3967607445752597,fault
3.4343434343434343,-0.6019369326168735,-0.9797345050724857,0.9429781426262807,fault
3.5353535353535355,-0.2805352122939556,0.9900245284031561,0.5651115175677237,fault
3.6363636363636362,0.050851286895395975,0.8000527802060836,0.6169908278770055,fault
3.7373737373737375,1.2517991423177777,0.7682536036083668,0.3575145113720105,fault
3.8383838383838382,1.555518397742175,0.9486026320089121,0.7192472157294088,fault
3.9393939393939394,0.7576865294026137,0.3997550883327679,-0.6343363191171902,fault
4.040404040404041,-0.5963598742771499,0.02961553813353529,-1.0083585635836625,fault
4.141414141414141,-0.34124205195453766,-0.9541886299119916,-0.30791708054192046,fault
4.242424242424242,-1.046064456984333,-0.9543644288919643,-1.099690462052647,fault
4.343434343434343,0.20294154534202802,-0.5361836308503134,0.47268028600274253,fault
4.444444444444445,0.4937116278081109,-0.020247222642443274,1.4642465290804405,fault
4.545454545454545,0.2780896976686714,0.8834987086286894,1.3441876270311268,fault
4.646464646464646,0.8039973332798442,0.4728074839597679,-0.3099148671030866,fault
4.747474747474747,2.1973232260534417,-0.09873701773291257,-1.244007837276306,fault
4.848484848484849,0.20927512729182718,-0.14902797479179164,-1.104577499516314,fault
4.94949494949495,-0.908135165499771,-1.2817986842121802,-0.11086499009138906,fault
5.05050505050505,-0.591345789459635,-0.5152588376801426,-0.6584082778645124,fault
5.151515151515151,-1.5751548474908903,0.2803050468930684,0.40787850898878575,fault
5.252525252525253,-0.26216243848091814,1.775422526579359,0.5027522121630944,fault
5.353535353535354,0.7508785859115847,1.129971593249355,-0.25795544284290023,fault
5.454545454545454,0.0189474329206038,-0.40743446286226126,-1.7948935828934436,fault
5.555555555555555,-1.325403822824787,-0.29506826633415195,-0.5032075938552856,fault
5.656565656565657,-1.0964916668608518,-0.7130222129858459,-0.3220786462409059,fault
5.757575757575758,0.17095634021142692,0.27627792949579266,2.026980657285117,fault
5.858585858585858,1.0357200588395123,1.9856907700778426,0.9184806110337247,fault
5.959595959595959,0.5485297785195042,0.6571446975092576,-1.5378955778670922,fault
6.0606060606060606,0.24570188338396565,-0.2770688641702367,-1.1795879656545512,fault
6.161616161616162,-0.26453670722949396,-0.6101998907399127,-0.4944986309078656,fault
6.262626262626262,-1.1430192719326646,-0.3500495875006291,0.6160723425656021,fault
6.363636363636363,0.7838376219186417,1.2895616070505143,0.7323138441610901,fault
6.4646464646464645,2.1307384096626794,0.3337351414745895,-1.2157715096148525,fault
6.565656565656566,0.3578816407067179,-0.522198060387022,-0.6818176859273215,fault
6.666666666666667,-1.3976443761151867,-0.8286272252891308,0.11709863549410904,fault
6.767676767676767,-0.18953388726069242,-0.28894433635291006,0.561737460699144,fault
6.8686868686868685,-0.21998247070037102,0.7174661911556338,0.7985824583738705,fault
6.96969696969697,1.3646227960363064,0.6333326989927469,0.3491226410966698,fault
7.070707070707071,-0.5039961187966023,-1.2639270020247204,-1.1772085084494832,fault
7.171717171717171,-0.6400288204424459,-1.1298160181195696,-1.0273865729761493,fault
7.2727272727272725,0.21317629236022162,1.2715064824435809,0.7277857892727351,fault
7.373737373737374,0.3329370117600456,0.901507601917758,1.0451073019938362,fault
7.474747474747475,0.604056590406249,-0.34125841273586793,-0.5948907132774665,fault
7.575757575757575,0.49083000665330445,-2.092883675254848,-0.4460968767140415,fault
7.6767676767676765,-1.076006646958501,-0.0039241295766316575,0.6100218487857864,fault
7.777777777777778,0.44019089689800456,0.9507610167261834,-0.054688521270159995,fault
7.878787878787879,-0.27577836516022314,0.4268934821790202,0.15469820641407567,fault
7.979797979797979,-0.7838969223964066,-1.7748563970526043,-0.9115699542846392,fault
8.080808080808081,-1.1404434149503302,-0.6208603146439025,0.030645637553484456,fault
8.181818181818182,-0.2689215246516735,0.33329526302515056,0.8589779330676366,fault
8.282828282828282,1.226558344802429,0.5811544142839697,0.3328461829279815,fault
8.383838383838384,-0.0489519675958954,-0.7424433916679904,-1.33594624459338,fault
8.484848484848484,-0.4385061290312562,0.048502436161065476,0.6684379993181133,fault
8.585858585858587,0.6988985298700732,1.3131021680957162,0.9560846837249382,fault
8.686868686868687,0.483174999844613,0.178338456652132,-0.6669634424788762,fault
8.787878787878787,-1.075899798943813,-0.8607707375615494,-1.0401962623279655,fault
8.88888888888889,-0.5468697173841384,-0.3414285154434571,0.3835798435701275,fault
8.98989898989899,0.33269682960715424,1.208359822014806,1.607399683865078,fault
9.09090909090909,0.7761717419567056,-0.38740779520570345,-0.07194173712929053,fault
9.191919191919192,-0.47163166710041493,-0.3487191167070254,-0.04525538119700456,fault
9.292929292929292,-0.11380187262484473,0.9922657979571304,0.3183576707766602,fault
9.393939393939394,-0.20011146782952638,0.4595533920338152,0.5324653260897405,fault
9.494949494949495,-0.27543119676641037,-0.6946392709225752,-0.7126937311625562,fault
9.595959595959595,-1.4615331672790166,-0.046113586450436506,1.1700033269678896,fault
9.696969696969697,1.123179621958836,0.7803762371427554,1.1063733095190476,fault
9.797979797979798,1.3513950063086302,0.9096118374756952,-0.03861722152790059,fault
9.8989898989899,-1.5635251332282225,-0.8369024914401287,-0.27753713246981104,fault
10.0,-0.20193616948353785,0.8609227356003444,1.7253553839360194,fault
